<?xml version='1.0' encoding='UTF-8' standalone='yes' ?>
<data version="1.37.0">
  <trigger type="activity_started">
    <useDefaultName>false</useDefaultName>
    <name>Activity Started: com.lalamove.global.driver.sea/com.deliverysdk.drier.module_home.mvp.ui.activity.HomeOrderDetailActivity</name>
    <enabled>true</enabled>
    <method>USAGE_STATISTICS</method>
    <packageNameFilter>com.lalamove.global.driver.sea</packageNameFilter>
    <classNameFilter>com.deliverysdk.driver.module_home.mvp.ui.activity.HomeOrderDetailActivity</classNameFilter>
  </trigger>
  <trigger type="quick_settings_tile_selected">
    <useDefaultName>true</useDefaultName>
    <name>Quick Settings Tile Selected: Tile 1 OneShot by PHANToM</name>
    <enabled>true</enabled>
    <tileID>TILE_1</tileID>
    <label>OneShot by PHANToM</label>
    <iconType>CUSTOM</iconType>
    <icon>FORWARD</icon>
    <customIconPath>/storage/emulated/0/Download/1684201963856.png</customIconPath>
    <shouldCollapsePanel>true</shouldCollapsePanel>
  </trigger>
  <trigger type="quick_settings_tile_selected">
    <useDefaultName>true</useDefaultName>
    <name>Quick Settings Tile Selected: Tile 1 OneShot Loader</name>
    <enabled>false</enabled>
    <tileID>TILE_1</tileID>
    <label>OneShot Loader</label>
    <iconType>BUILTIN</iconType>
    <icon>DOWNLOAD</icon>
    <customIconPath></customIconPath>
    <shouldCollapsePanel>true</shouldCollapsePanel>
  </trigger>
  <condition type="confirmation_dialog">
    <useDefaultName>true</useDefaultName>
    <name>Confirm Dialog: ต้องการดาวน์โหลดไฟล์ทรัพยากรทั้งหมดหรือไม่ ?</name>
    <title>⚡lPHANToMl - OneShot⚡</title>
    <question>ต้องการดาวน์โหลดไฟล์ทรัพยากรทั้งหมดหรือไม่ ?</question>
    <falseLabel>No</falseLabel>
    <trueLabel>Download now</trueLabel>
    <backOperation>IGNORE</backOperation>
    <timeoutEnabled>false</timeoutEnabled>
    <timeout>60000</timeout>
    <defaultValueOnTimeout>true</defaultValueOnTimeout>
  </condition>
  <condition type="expression">
    <useDefaultName>true</useDefaultName>
    <name>Expression: (index==-1)</name>
    <expression>(index==-1)</expression>
  </condition>
  <condition type="expression">
    <useDefaultName>true</useDefaultName>
    <name>Expression: (index==0)</name>
    <expression>(index==0)</expression>
  </condition>
  <condition type="expression">
    <useDefaultName>true</useDefaultName>
    <name>Expression: (index==1)</name>
    <expression>(index==1)</expression>
  </condition>
  <condition type="expression">
    <useDefaultName>true</useDefaultName>
    <name>Expression: (index==2)</name>
    <expression>(index==2)</expression>
  </condition>
  <condition type="expression">
    <useDefaultName>true</useDefaultName>
    <name>Expression: (index==3)</name>
    <expression>(index==3)</expression>
  </condition>
  <condition type="expression">
    <useDefaultName>true</useDefaultName>
    <name>Expression: eval(response)</name>
    <expression>eval(response)</expression>
  </condition>
  <condition type="flow_enabled">
    <useDefaultName>true</useDefaultName>
    <name>Flow Enabled: ⚡lPHANToMl - OneShot⚡Sound</name>
    <flowName>⚡lPHANToMl - OneShot⚡Sound</flowName>
  </condition>
  <condition type="flow_enabled">
    <useDefaultName>true</useDefaultName>
    <name>Flow Enabled: ⚡lPHANToMl - OneShot⚡Task1</name>
    <flowName>⚡lPHANToMl - OneShot⚡Task1</flowName>
  </condition>
  <action type="clear_automagic_log">
    <useDefaultName>false</useDefaultName>
    <name>Clear PHANToM Log</name>
  </action>
  <action type="delete_files">
    <useDefaultName>true</useDefaultName>
    <name>Delete Files: /storage/emulated/0/Download/PHANToM-OneShot.xml</name>
    <pathList>/storage/emulated/0/Download/PHANToM-OneShot.xml</pathList>
    <showProgress>true</showProgress>
  </action>
  <action type="delete_files">
    <useDefaultName>true</useDefaultName>
    <name>Delete Files: /storage/emulated/0/Download/PHANToM-OneShot.zip</name>
    <pathList>/storage/emulated/0/Download/PHANToM-OneShot.zip</pathList>
    <showProgress>true</showProgress>
  </action>
  <action type="delete_flows">
    <useDefaultName>true</useDefaultName>
    <name>Delete Flows: ⚡lPHANToMl - OneShot⚡</name>
    <flowNameList>⚡lPHANToMl - OneShot⚡</flowNameList>
    <deleteUnusedObjects>false</deleteUnusedObjects>
  </action>
  <action type="delete_flows">
    <useDefaultName>true</useDefaultName>
    <name>Delete Flows: ⚡lPHANToMl - OneShot⚡,⚡lPHANToMl - OneShot⚡Dialog,⚡lPHANToMl - OneShot⚡Sound,⚡lPHANToMl - OneShot⚡Task1,⚡lPHANToMl - OneShot⚡Task2</name>
    <flowNameList>⚡lPHANToMl - OneShot⚡,⚡lPHANToMl - OneShot⚡Dialog,⚡lPHANToMl - OneShot⚡Sound,⚡lPHANToMl - OneShot⚡Task1,⚡lPHANToMl - OneShot⚡Task2</flowNameList>
    <deleteUnusedObjects>false</deleteUnusedObjects>
  </action>
  <action type="delete_flows">
    <useDefaultName>true</useDefaultName>
    <name>Delete Flows: ⚡lPHANToMl - OneShot⚡Task1</name>
    <flowNameList>⚡lPHANToMl - OneShot⚡Task1</flowNameList>
    <deleteUnusedObjects>false</deleteUnusedObjects>
  </action>
  <action type="delete_flows">
    <useDefaultName>true</useDefaultName>
    <name>Delete Flows: ⚡PHANToM - OneShot⚡</name>
    <flowNameList>⚡PHANToM - OneShot⚡</flowNameList>
    <deleteUnusedObjects>false</deleteUnusedObjects>
  </action>
  <action type="download_url">
    <useDefaultName>true</useDefaultName>
    <name>Download URL: https://github.com/Phantomguy7845/PasswordActvity/raw/main/PHANToM-OneShot.zip to /storage/emulated/0/Download</name>
    <url>https://github.com/Phantomguy7845/PasswordActvity/raw/main/PHANToM-OneShot.zip</url>
    <directory>/storage/emulated/0/Download</directory>
    <showProgress>true</showProgress>
  </action>
  <action type="download_url">
    <useDefaultName>true</useDefaultName>
    <name>Download URL: https://github.com/Phantomguy7845/PHANToMFullProjectBeta/raw/main/sound_picker_track_213.ogg to /storage/emulated/0/Download</name>
    <url>https://github.com/Phantomguy7845/PHANToMFullProjectBeta/raw/main/sound_picker_track_213.ogg</url>
    <directory>/storage/emulated/0/Download</directory>
    <showProgress>true</showProgress>
  </action>
  <action type="download_url">
    <useDefaultName>true</useDefaultName>
    <name>Download URL: https://raw.githubusercontent.com/Phantomguy7845/Magic.xml.zip/main/1684201963856.png to /storage/emulated/0/Download</name>
    <url>https://raw.githubusercontent.com/Phantomguy7845/Magic.xml.zip/main/1684201963856.png</url>
    <directory>/storage/emulated/0/Download</directory>
    <showProgress>true</showProgress>
  </action>
  <action type="execute_flows">
    <useDefaultName>true</useDefaultName>
    <name>Execute Flows: ⚡lPHANToMl - OneShot⚡Dialog</name>
    <includeFlowNamePatternList>⚡lPHANToMl - OneShot⚡Dialog</includeFlowNamePatternList>
    <excludeFlowNamePatternList></excludeFlowNamePatternList>
    <skipDisabledFlowsWithoutError>false</skipDisabledFlowsWithoutError>
    <waitForFlowsToFinish>false</waitForFlowsToFinish>
    <returnLocalVariablesToCallingFlow>false</returnLocalVariablesToCallingFlow>
  </action>
  <action type="execute_flows">
    <useDefaultName>false</useDefaultName>
    <name>Execute Flows: ⚡lPHANToMl - OneShot⚡Sound</name>
    <includeFlowNamePatternList>⚡lPHANToMl - OneShot⚡Sound</includeFlowNamePatternList>
    <excludeFlowNamePatternList></excludeFlowNamePatternList>
    <skipDisabledFlowsWithoutError>false</skipDisabledFlowsWithoutError>
    <waitForFlowsToFinish>false</waitForFlowsToFinish>
    <returnLocalVariablesToCallingFlow>false</returnLocalVariablesToCallingFlow>
  </action>
  <action type="execute_flows">
    <useDefaultName>false</useDefaultName>
    <name>Execute Flows: ⚡lPHANToMl - OneShot⚡Task1</name>
    <includeFlowNamePatternList>⚡lPHANToMl - OneShot⚡Task1</includeFlowNamePatternList>
    <excludeFlowNamePatternList></excludeFlowNamePatternList>
    <skipDisabledFlowsWithoutError>false</skipDisabledFlowsWithoutError>
    <waitForFlowsToFinish>false</waitForFlowsToFinish>
    <returnLocalVariablesToCallingFlow>false</returnLocalVariablesToCallingFlow>
  </action>
  <action type="execute_flows">
    <useDefaultName>false</useDefaultName>
    <name>Execute Flows: ⚡lPHANToMl - OneShot⚡Task12</name>
    <includeFlowNamePatternList>⚡lPHANToMl - OneShot⚡Task1</includeFlowNamePatternList>
    <excludeFlowNamePatternList></excludeFlowNamePatternList>
    <skipDisabledFlowsWithoutError>false</skipDisabledFlowsWithoutError>
    <waitForFlowsToFinish>false</waitForFlowsToFinish>
    <returnLocalVariablesToCallingFlow>false</returnLocalVariablesToCallingFlow>
  </action>
  <action type="execute_flows">
    <useDefaultName>true</useDefaultName>
    <name>Execute Flows: ⚡lPHANToMl - OneShot⚡Task2</name>
    <includeFlowNamePatternList>⚡lPHANToMl - OneShot⚡Task2</includeFlowNamePatternList>
    <excludeFlowNamePatternList></excludeFlowNamePatternList>
    <skipDisabledFlowsWithoutError>false</skipDisabledFlowsWithoutError>
    <waitForFlowsToFinish>false</waitForFlowsToFinish>
    <returnLocalVariablesToCallingFlow>false</returnLocalVariablesToCallingFlow>
  </action>
  <action type="http_request">
    <useDefaultName>false</useDefaultName>
    <name>HTTPversion</name>
    <url>https://raw.githubusercontent.com/Phantomguy7845/PasswordActvity/main/PHANToM-OneShot%20version</url>
    <verifyCertificates>true</verifyCertificates>
    <basicAuthentication>false</basicAuthentication>
    <username></username>
    <clientCert>false</clientCert>
    <clientCertPath></clientCertPath>
    <httpMethod>GET</httpMethod>
    <networkType>DEFAULT</networkType>
    <httpContentType>X_WWW_FORM_URLENCODED</httpContentType>
    <contentType>text/plain</contentType>
    <generalTextData></generalTextData>
    <formFieldList>Lastname=XYZ,Firstname=ABC</formFieldList>
    <uploadFieldName>upload_field</uploadFieldName>
    <uploadFilePath></uploadFilePath>
    <timeout>60000</timeout>
    <setCustomHTTPHeaders>false</setCustomHTTPHeaders>
    <customHTTPHeaders></customHTTPHeaders>
    <storeInVariable>true</storeInVariable>
    <variable>response</variable>
    <path>/storage/emulated/0/Download/file.bin</path>
    <followRedirects>true</followRedirects>
  </action>
  <action type="import_flows">
    <useDefaultName>true</useDefaultName>
    <name>Import Flows/Widgets: /storage/emulated/0/Download/PHANToM-OneShot.xml</name>
    <path>/storage/emulated/0/Download/PHANToM-OneShot.xml</path>
    <replace>true</replace>
  </action>
  <action type="input_dialog">
    <useDefaultName>true</useDefaultName>
    <name>Input Dialog:    ⚡lPHANToMl - OneShot⚡
   __________________________ Single Choice Menu 🔴 ⚡OneShot⚡- [OFF],🔴 ⚡OneShot Sound⚡- [OFF],                                                      Settings</name>
    <title>   ⚡lPHANToMl - OneShot⚡
   __________________________</title>
    <inputDialogType>SINGLE_CHOICE_MENU</inputDialogType>
    <prompt></prompt>
    <inputValues>🔴 ⚡OneShot⚡- [OFF],🔴 ⚡OneShot Sound⚡- [OFF],                                                      Settings</inputValues>
    <defaultValue></defaultValue>
    <titleFontSize>DEFAULT</titleFontSize>
    <promptFontSize>DEFAULT</promptFontSize>
    <fontSize>DEFAULT</fontSize>
    <timeoutEnabled>false</timeoutEnabled>
    <timeout>60000</timeout>
    <defaultValueOnTimeout></defaultValueOnTimeout>
    <showWhenLocked>false</showWhenLocked>
    <turnScreenOn>false</turnScreenOn>
    <keepScreenOn>false</keepScreenOn>
    <enlargeDialogWidth>false</enlargeDialogWidth>
    <keyboardCapitalizeSentences>false</keyboardCapitalizeSentences>
  </action>
  <action type="input_dialog">
    <useDefaultName>true</useDefaultName>
    <name>Input Dialog:    ⚡lPHANToMl - OneShot⚡
   __________________________ Single Choice Menu 🔴 ⚡OneShot⚡- [OFF],🟢 ⚡OneShot Sound⚡- [ON],                                                       Settings</name>
    <title>   ⚡lPHANToMl - OneShot⚡
   __________________________</title>
    <inputDialogType>SINGLE_CHOICE_MENU</inputDialogType>
    <prompt></prompt>
    <inputValues>🔴 ⚡OneShot⚡- [OFF],🟢 ⚡OneShot Sound⚡- [ON],                                                       Settings</inputValues>
    <defaultValue></defaultValue>
    <titleFontSize>DEFAULT</titleFontSize>
    <promptFontSize>DEFAULT</promptFontSize>
    <fontSize>DEFAULT</fontSize>
    <timeoutEnabled>false</timeoutEnabled>
    <timeout>60000</timeout>
    <defaultValueOnTimeout></defaultValueOnTimeout>
    <showWhenLocked>false</showWhenLocked>
    <turnScreenOn>false</turnScreenOn>
    <keepScreenOn>false</keepScreenOn>
    <enlargeDialogWidth>false</enlargeDialogWidth>
    <keyboardCapitalizeSentences>false</keyboardCapitalizeSentences>
  </action>
  <action type="input_dialog">
    <useDefaultName>true</useDefaultName>
    <name>Input Dialog:    ⚡lPHANToMl - OneShot⚡
   __________________________ Single Choice Menu 🟢 ⚡OneShot⚡- [ON],🔴 ⚡OneShot Sound⚡- [OFF],                                                       Settings</name>
    <title>   ⚡lPHANToMl - OneShot⚡
   __________________________</title>
    <inputDialogType>SINGLE_CHOICE_MENU</inputDialogType>
    <prompt></prompt>
    <inputValues>🟢 ⚡OneShot⚡- [ON],🔴 ⚡OneShot Sound⚡- [OFF],                                                       Settings</inputValues>
    <defaultValue></defaultValue>
    <titleFontSize>DEFAULT</titleFontSize>
    <promptFontSize>DEFAULT</promptFontSize>
    <fontSize>DEFAULT</fontSize>
    <timeoutEnabled>false</timeoutEnabled>
    <timeout>60000</timeout>
    <defaultValueOnTimeout></defaultValueOnTimeout>
    <showWhenLocked>false</showWhenLocked>
    <turnScreenOn>false</turnScreenOn>
    <keepScreenOn>false</keepScreenOn>
    <enlargeDialogWidth>false</enlargeDialogWidth>
    <keyboardCapitalizeSentences>false</keyboardCapitalizeSentences>
  </action>
  <action type="input_dialog">
    <useDefaultName>true</useDefaultName>
    <name>Input Dialog:    ⚡lPHANToMl - OneShot⚡
   __________________________ Single Choice Menu 🟢 ⚡OneShot⚡- [ON],🟢 ⚡OneShot Sound⚡- [ON],                                                       Settings</name>
    <title>   ⚡lPHANToMl - OneShot⚡
   __________________________</title>
    <inputDialogType>SINGLE_CHOICE_MENU</inputDialogType>
    <prompt></prompt>
    <inputValues>🟢 ⚡OneShot⚡- [ON],🟢 ⚡OneShot Sound⚡- [ON],                                                       Settings</inputValues>
    <defaultValue></defaultValue>
    <titleFontSize>DEFAULT</titleFontSize>
    <promptFontSize>DEFAULT</promptFontSize>
    <fontSize>DEFAULT</fontSize>
    <timeoutEnabled>false</timeoutEnabled>
    <timeout>60000</timeout>
    <defaultValueOnTimeout></defaultValueOnTimeout>
    <showWhenLocked>false</showWhenLocked>
    <turnScreenOn>false</turnScreenOn>
    <keepScreenOn>false</keepScreenOn>
    <enlargeDialogWidth>false</enlargeDialogWidth>
    <keyboardCapitalizeSentences>false</keyboardCapitalizeSentences>
  </action>
  <action type="input_dialog">
    <useDefaultName>true</useDefaultName>
    <name>Input Dialog:  Settings - [ Resolution ] Single Choice Menu Resolution Width [{global_resolutionX}],Resolution Height [{global_resolutionY}]</name>
    <title> Settings - [ Resolution ]</title>
    <inputDialogType>SINGLE_CHOICE_MENU</inputDialogType>
    <prompt></prompt>
    <inputValues>Resolution Width [{global_resolutionX}],Resolution Height [{global_resolutionY}]</inputValues>
    <defaultValue></defaultValue>
    <titleFontSize>DEFAULT</titleFontSize>
    <promptFontSize>DEFAULT</promptFontSize>
    <fontSize>DEFAULT</fontSize>
    <timeoutEnabled>false</timeoutEnabled>
    <timeout>60000</timeout>
    <defaultValueOnTimeout></defaultValueOnTimeout>
    <showWhenLocked>false</showWhenLocked>
    <turnScreenOn>false</turnScreenOn>
    <keepScreenOn>false</keepScreenOn>
    <enlargeDialogWidth>false</enlargeDialogWidth>
    <keyboardCapitalizeSentences>false</keyboardCapitalizeSentences>
  </action>
  <action type="input_dialog">
    <useDefaultName>true</useDefaultName>
    <name>Input Dialog:  Settings - [⚡OneShot⚡] Single Choice Menu Resolutions  [{global_resolutionX} x {global_resolutionY}],Speed  [{global_SwipeSpeed}],Delay  [{global_delay}],Ended Time  [{global_ended}]</name>
    <title> Settings - [⚡OneShot⚡]</title>
    <inputDialogType>SINGLE_CHOICE_MENU</inputDialogType>
    <prompt></prompt>
    <inputValues>Resolutions  [{global_resolutionX} x {global_resolutionY}],Speed  [{global_SwipeSpeed}],Delay  [{global_delay}],Ended Time  [{global_ended}]</inputValues>
    <defaultValue></defaultValue>
    <titleFontSize>DEFAULT</titleFontSize>
    <promptFontSize>DEFAULT</promptFontSize>
    <fontSize>DEFAULT</fontSize>
    <timeoutEnabled>false</timeoutEnabled>
    <timeout>60000</timeout>
    <defaultValueOnTimeout></defaultValueOnTimeout>
    <showWhenLocked>false</showWhenLocked>
    <turnScreenOn>false</turnScreenOn>
    <keepScreenOn>false</keepScreenOn>
    <enlargeDialogWidth>false</enlargeDialogWidth>
    <keyboardCapitalizeSentences>false</keyboardCapitalizeSentences>
  </action>
  <action type="input_dialog">
    <useDefaultName>true</useDefaultName>
    <name>Input Dialog: Resolution Height Number ค่า Y สูงสุดของแอปลาล่าที่แสดงผลได้</name>
    <title>Resolution Height</title>
    <inputDialogType>NUMBER</inputDialogType>
    <prompt>ค่า Y สูงสุดของแอปลาล่าที่แสดงผลได้</prompt>
    <inputValues></inputValues>
    <defaultValue>{global_resolutionY}</defaultValue>
    <titleFontSize>DEFAULT</titleFontSize>
    <promptFontSize>DEFAULT</promptFontSize>
    <fontSize>DEFAULT</fontSize>
    <timeoutEnabled>false</timeoutEnabled>
    <timeout>60000</timeout>
    <defaultValueOnTimeout></defaultValueOnTimeout>
    <showWhenLocked>false</showWhenLocked>
    <turnScreenOn>false</turnScreenOn>
    <keepScreenOn>false</keepScreenOn>
    <enlargeDialogWidth>false</enlargeDialogWidth>
    <keyboardCapitalizeSentences>false</keyboardCapitalizeSentences>
  </action>
  <action type="input_dialog">
    <useDefaultName>true</useDefaultName>
    <name>Input Dialog: Resolution Width  Number ค่า X สูงสุดของหน้าจอ</name>
    <title>Resolution Width </title>
    <inputDialogType>NUMBER</inputDialogType>
    <prompt>ค่า X สูงสุดของหน้าจอ</prompt>
    <inputValues></inputValues>
    <defaultValue>{global_resolutionX}</defaultValue>
    <titleFontSize>DEFAULT</titleFontSize>
    <promptFontSize>DEFAULT</promptFontSize>
    <fontSize>DEFAULT</fontSize>
    <timeoutEnabled>false</timeoutEnabled>
    <timeout>60000</timeout>
    <defaultValueOnTimeout></defaultValueOnTimeout>
    <showWhenLocked>false</showWhenLocked>
    <turnScreenOn>false</turnScreenOn>
    <keepScreenOn>false</keepScreenOn>
    <enlargeDialogWidth>false</enlargeDialogWidth>
    <keyboardCapitalizeSentences>false</keyboardCapitalizeSentences>
  </action>
  <action type="input_dialog">
    <useDefaultName>true</useDefaultName>
    <name>Input Dialog: ⚡OneShot⚡- [Delay] Number ค่าหน่วงเวลาการสไลด์ซ้ำ ค่าแนะนำ 50 ขึ้นไป</name>
    <title>⚡OneShot⚡- [Delay]</title>
    <inputDialogType>NUMBER</inputDialogType>
    <prompt>ค่าหน่วงเวลาการสไลด์ซ้ำ ค่าแนะนำ 50 ขึ้นไป</prompt>
    <inputValues></inputValues>
    <defaultValue>{global_delay}</defaultValue>
    <titleFontSize>DEFAULT</titleFontSize>
    <promptFontSize>DEFAULT</promptFontSize>
    <fontSize>DEFAULT</fontSize>
    <timeoutEnabled>false</timeoutEnabled>
    <timeout>60000</timeout>
    <defaultValueOnTimeout></defaultValueOnTimeout>
    <showWhenLocked>false</showWhenLocked>
    <turnScreenOn>false</turnScreenOn>
    <keepScreenOn>false</keepScreenOn>
    <enlargeDialogWidth>false</enlargeDialogWidth>
    <keyboardCapitalizeSentences>false</keyboardCapitalizeSentences>
  </action>
  <action type="input_dialog">
    <useDefaultName>true</useDefaultName>
    <name>Input Dialog: ⚡OneShot⚡- [Ended Time] Phone number ค่าเวลาการทำงาน ค่าแนะนำ 1 วินาทีขึ้นไป</name>
    <title>⚡OneShot⚡- [Ended Time]</title>
    <inputDialogType>PHONE</inputDialogType>
    <prompt>ค่าเวลาการทำงาน ค่าแนะนำ 1 วินาทีขึ้นไป</prompt>
    <inputValues></inputValues>
    <defaultValue>{global_ended}</defaultValue>
    <titleFontSize>DEFAULT</titleFontSize>
    <promptFontSize>DEFAULT</promptFontSize>
    <fontSize>DEFAULT</fontSize>
    <timeoutEnabled>false</timeoutEnabled>
    <timeout>60000</timeout>
    <defaultValueOnTimeout></defaultValueOnTimeout>
    <showWhenLocked>false</showWhenLocked>
    <turnScreenOn>false</turnScreenOn>
    <keepScreenOn>false</keepScreenOn>
    <enlargeDialogWidth>false</enlargeDialogWidth>
    <keyboardCapitalizeSentences>false</keyboardCapitalizeSentences>
  </action>
  <action type="input_dialog">
    <useDefaultName>true</useDefaultName>
    <name>Input Dialog: ⚡OneShot⚡- [Speed] Number ค่าความเร็วการสไลด์ ค่าแนะนำ 25 - 100 (1m)</name>
    <title>⚡OneShot⚡- [Speed]</title>
    <inputDialogType>NUMBER</inputDialogType>
    <prompt>ค่าความเร็วการสไลด์ ค่าแนะนำ 25 - 100</prompt>
    <inputValues></inputValues>
    <defaultValue>{global_SwipeSpeed}</defaultValue>
    <titleFontSize>DEFAULT</titleFontSize>
    <promptFontSize>DEFAULT</promptFontSize>
    <fontSize>DEFAULT</fontSize>
    <timeoutEnabled>true</timeoutEnabled>
    <timeout>60000</timeout>
    <defaultValueOnTimeout></defaultValueOnTimeout>
    <showWhenLocked>false</showWhenLocked>
    <turnScreenOn>false</turnScreenOn>
    <keepScreenOn>false</keepScreenOn>
    <enlargeDialogWidth>false</enlargeDialogWidth>
    <keyboardCapitalizeSentences>false</keyboardCapitalizeSentences>
  </action>
  <action type="message_dialog">
    <useDefaultName>true</useDefaultName>
    <name>Message Dialog:  🥲ไฟล์หมดอายุการใช้งาน🥲</name>
    <title></title>
    <message>      🥲ไฟล์หมดอายุการใช้งาน🥲</message>
    <buttonLabel></buttonLabel>
    <timeoutEnabled>false</timeoutEnabled>
    <timeout>60000</timeout>
  </action>
  <action type="message_dialog">
    <useDefaultName>true</useDefaultName>
    <name>Message Dialog: Error โปรดตรวจสอบการตั้งค่า</name>
    <title>Error</title>
    <message>โปรดตรวจสอบการตั้งค่า</message>
    <buttonLabel></buttonLabel>
    <timeoutEnabled>false</timeoutEnabled>
    <timeout>60000</timeout>
  </action>
  <action type="notification_screen">
    <useDefaultName>true</useDefaultName>
    <name>Notification on Screen:        🎭lPHANToMl🎭
 🛑Line : phantom1669🛑</name>
    <showText>true</showText>
    <text>       🎭lPHANToMl🎭
 🛑Line : phantom1669🛑</text>
    <widgetName></widgetName>
    <width></width>
    <height></height>
    <stretchToFillArea>false</stretchToFillArea>
    <opacity>1.00</opacity>
    <durationLong>false</durationLong>
    <customPosition>false</customPosition>
    <gravityType>TOP_LEFT</gravityType>
    <xOffset>0</xOffset>
    <yOffset>0</yOffset>
  </action>
  <action type="notification_screen">
    <useDefaultName>true</useDefaultName>
    <name>Notification on Screen:        🎭lPHANToMl🎭
 🛑Line : phantom1669🛑 (long)</name>
    <showText>true</showText>
    <text>       🎭lPHANToMl🎭
 🛑Line : phantom1669🛑</text>
    <widgetName></widgetName>
    <width></width>
    <height></height>
    <stretchToFillArea>false</stretchToFillArea>
    <opacity>1.00</opacity>
    <durationLong>true</durationLong>
    <customPosition>false</customPosition>
    <gravityType>TOP_LEFT</gravityType>
    <xOffset>0</xOffset>
    <yOffset>0</yOffset>
  </action>
  <action type="notification_screen">
    <useDefaultName>true</useDefaultName>
    <name>Notification on Screen: Loading... ( 1 / 5 )</name>
    <showText>true</showText>
    <text>Loading... ( 1 / 5 )</text>
    <widgetName></widgetName>
    <width></width>
    <height></height>
    <stretchToFillArea>false</stretchToFillArea>
    <opacity>1.00</opacity>
    <durationLong>false</durationLong>
    <customPosition>false</customPosition>
    <gravityType>TOP_LEFT</gravityType>
    <xOffset>0</xOffset>
    <yOffset>0</yOffset>
  </action>
  <action type="notification_screen">
    <useDefaultName>true</useDefaultName>
    <name>Notification on Screen: Loading... ( 2 / 5 )</name>
    <showText>true</showText>
    <text>Loading... ( 2 / 5 )</text>
    <widgetName></widgetName>
    <width></width>
    <height></height>
    <stretchToFillArea>false</stretchToFillArea>
    <opacity>1.00</opacity>
    <durationLong>false</durationLong>
    <customPosition>false</customPosition>
    <gravityType>TOP_LEFT</gravityType>
    <xOffset>0</xOffset>
    <yOffset>0</yOffset>
  </action>
  <action type="notification_screen">
    <useDefaultName>true</useDefaultName>
    <name>Notification on Screen: Loading... ( 3 / 5 )</name>
    <showText>true</showText>
    <text>Loading... ( 3 / 5 )</text>
    <widgetName></widgetName>
    <width></width>
    <height></height>
    <stretchToFillArea>false</stretchToFillArea>
    <opacity>1.00</opacity>
    <durationLong>false</durationLong>
    <customPosition>false</customPosition>
    <gravityType>TOP_LEFT</gravityType>
    <xOffset>0</xOffset>
    <yOffset>0</yOffset>
  </action>
  <action type="notification_screen">
    <useDefaultName>true</useDefaultName>
    <name>Notification on Screen: Loading... ( 4 / 5 )</name>
    <showText>true</showText>
    <text>Loading... ( 4 / 5 )</text>
    <widgetName></widgetName>
    <width></width>
    <height></height>
    <stretchToFillArea>false</stretchToFillArea>
    <opacity>1.00</opacity>
    <durationLong>false</durationLong>
    <customPosition>false</customPosition>
    <gravityType>TOP_LEFT</gravityType>
    <xOffset>0</xOffset>
    <yOffset>0</yOffset>
  </action>
  <action type="notification_screen">
    <useDefaultName>true</useDefaultName>
    <name>Notification on Screen: Loading... ( 5 / 5 )</name>
    <showText>true</showText>
    <text>Loading... ( 5 / 5 )</text>
    <widgetName></widgetName>
    <width></width>
    <height></height>
    <stretchToFillArea>false</stretchToFillArea>
    <opacity>1.00</opacity>
    <durationLong>false</durationLong>
    <customPosition>false</customPosition>
    <gravityType>TOP_LEFT</gravityType>
    <xOffset>0</xOffset>
    <yOffset>0</yOffset>
  </action>
  <action type="notification_screen">
    <useDefaultName>true</useDefaultName>
    <name>Notification on Screen: 📵Broken source flie📵</name>
    <showText>true</showText>
    <text>📵Broken source flie📵</text>
    <widgetName></widgetName>
    <width></width>
    <height></height>
    <stretchToFillArea>false</stretchToFillArea>
    <opacity>1.00</opacity>
    <durationLong>false</durationLong>
    <customPosition>false</customPosition>
    <gravityType>TOP_LEFT</gravityType>
    <xOffset>0</xOffset>
    <yOffset>0</yOffset>
  </action>
  <action type="script">
    <useDefaultName>false</useDefaultName>
    <name>PHANToM OneShot 
Manage Scrip</name>
    <script>X_maxN1 = global_resolutionX + 0.00;

Y_maxN1 = global_resolutionY + 0.00 ;</script>
  </action>
  <action type="script">
    <useDefaultName>false</useDefaultName>
    <name>PHANToM OneShot 
Manage Script</name>
    <script>//PHANToM
//line: phantom1669





//ใส่ค่า Resolution หน้าจอโทรศัพท์ตัวเอง แทนค่าด้านบน 
// จากตัวอย่าง ค่า Resolution คือ 1080 x 2400
//หากใช้ปุ่มนำทาง(3ปุ่ม) หรือ แอปลาล่าไม่แสดงผลเต็มจอ
//หรือมีขอบดำใต้จอ ต้องใช้ค่า Y_maxN จากตำแหน่งสุดท้ายที่-
//แอปสามารถแสดงผลได้


X_maxD1 = 1080.00 ; Y_maxD1 = 2400.00 ; 

Scale_x1 = X_maxD1 / X_maxN1;
Scale_y1 = Y_maxD1 / Y_maxN1;

//***************PHANToM***************
//**********line:phantom1669***********

Swipe_ScaleX1_min = 130.00/Scale_x1;
Swipe_ScaleY_min = 2185.00/Scale_y1;
Swipe_ScaleX1_max = 190.00/Scale_x1;
Swipe_ScaleY_max = 2300.00/Scale_y1;
SwipeX1 = random(Swipe_ScaleX1_min,Swipe_ScaleX1_max);
SwipeY1 = random(Swipe_ScaleY_min,Swipe_ScaleY_max);
//Swipe X1 Y1//
SwipeX2 = 1080.00/Scale_x1;
SwipeY2 = random(Swipe_ScaleY_min,Swipe_ScaleY_max);
Swipe_Speed = global_SwipeSpeed + 0.00;
//Swipe X2 Y2//
//Swipe//


</script>
  </action>
  <action type="script">
    <useDefaultName>true</useDefaultName>
    <name>Script: //PHANToM //line: phantom1669 global_delay = value</name>
    <script>//PHANToM
//line: phantom1669


global_delay = value

</script>
  </action>
  <action type="script">
    <useDefaultName>true</useDefaultName>
    <name>Script: //PHANToM //line: phantom1669 global_ended = value</name>
    <script>//PHANToM
//line: phantom1669


global_ended = value

</script>
  </action>
  <action type="script">
    <useDefaultName>true</useDefaultName>
    <name>Script: //PHANToM //line: phantom1669 global_resolutionX = value</name>
    <script>//PHANToM
//line: phantom1669
global_resolutionX = value

</script>
  </action>
  <action type="script">
    <useDefaultName>true</useDefaultName>
    <name>Script: //PHANToM //line: phantom1669 global_resolutionY = value</name>
    <script>//PHANToM
//line: phantom1669


global_resolutionY = value

</script>
  </action>
  <action type="script">
    <useDefaultName>true</useDefaultName>
    <name>Script: //PHANToM //line: phantom1669 global_SwipeSpeed = value</name>
    <script>//PHANToM
//line: phantom1669


global_SwipeSpeed = value

</script>
  </action>
  <action type="set_flow_state">
    <useDefaultName>true</useDefaultName>
    <name>Set Flow State: Disable ⚡lPHANToMl - OneShot⚡Sound</name>
    <enable>false</enable>
    <includeFlowNamePatternList>⚡lPHANToMl - OneShot⚡Sound</includeFlowNamePatternList>
    <excludeFlowNamePatternList></excludeFlowNamePatternList>
  </action>
  <action type="set_flow_state">
    <useDefaultName>true</useDefaultName>
    <name>Set Flow State: Disable ⚡lPHANToMl - OneShot⚡Task1,⚡lPHANToMl - OneShot⚡</name>
    <enable>false</enable>
    <includeFlowNamePatternList>⚡lPHANToMl - OneShot⚡Task1,⚡lPHANToMl - OneShot⚡</includeFlowNamePatternList>
    <excludeFlowNamePatternList></excludeFlowNamePatternList>
  </action>
  <action type="set_flow_state">
    <useDefaultName>true</useDefaultName>
    <name>Set Flow State: Disable ⚡PHANToM - OneShot⚡</name>
    <enable>false</enable>
    <includeFlowNamePatternList>⚡PHANToM - OneShot⚡</includeFlowNamePatternList>
    <excludeFlowNamePatternList></excludeFlowNamePatternList>
  </action>
  <action type="set_flow_state">
    <useDefaultName>true</useDefaultName>
    <name>Set Flow State: Enable ⚡lPHANToMl - OneShot⚡Dialog</name>
    <enable>true</enable>
    <includeFlowNamePatternList>⚡lPHANToMl - OneShot⚡Dialog</includeFlowNamePatternList>
    <excludeFlowNamePatternList></excludeFlowNamePatternList>
  </action>
  <action type="set_flow_state">
    <useDefaultName>true</useDefaultName>
    <name>Set Flow State: Enable ⚡lPHANToMl - OneShot⚡Sound</name>
    <enable>true</enable>
    <includeFlowNamePatternList>⚡lPHANToMl - OneShot⚡Sound</includeFlowNamePatternList>
    <excludeFlowNamePatternList></excludeFlowNamePatternList>
  </action>
  <action type="set_flow_state">
    <useDefaultName>true</useDefaultName>
    <name>Set Flow State: Enable ⚡lPHANToMl - OneShot⚡Task1,⚡lPHANToMl - OneShot⚡,⚡lPHANToMl - OneShot⚡Task2,⚡lPHANToMl - OneShot⚡Dialog</name>
    <enable>true</enable>
    <includeFlowNamePatternList>⚡lPHANToMl - OneShot⚡Task1,⚡lPHANToMl - OneShot⚡,⚡lPHANToMl - OneShot⚡Task2,⚡lPHANToMl - OneShot⚡Dialog</includeFlowNamePatternList>
    <excludeFlowNamePatternList></excludeFlowNamePatternList>
  </action>
  <action type="sleep">
    <useDefaultName>true</useDefaultName>
    <name>Sleep: {global_delay}ms (keep device awake)</name>
    <duration>{global_delay}ms</duration>
    <keepDeviceAwake>true</keepDeviceAwake>
    <allowWakeupFromDeviceIdle>false</allowWakeupFromDeviceIdle>
  </action>
  <action type="sleep">
    <useDefaultName>true</useDefaultName>
    <name>Sleep: {global_ended}s (keep device awake)</name>
    <duration>{global_ended}s</duration>
    <keepDeviceAwake>true</keepDeviceAwake>
    <allowWakeupFromDeviceIdle>false</allowWakeupFromDeviceIdle>
  </action>
  <action type="sound">
    <useDefaultName>true</useDefaultName>
    <name>Sound: /storage/emulated/0/Download/sound_picker_track_213.ogg as Notification</name>
    <soundSourceType>FILE</soundSourceType>
    <alarmName>Silent</alarmName>
    <path>/storage/emulated/0/Download/sound_picker_track_213.ogg</path>
    <audioStreamType>NOTIFICATION</audioStreamType>
    <startPosition></startPosition>
    <showStopSoundNotification>false</showStopSoundNotification>
    <waitForSoundToFinish>true</waitForSoundToFinish>
    <requestAudioFocus>false</requestAudioFocus>
    <audioFocusType>TRANSIENT</audioFocusType>
  </action>
  <action type="stop_flows">
    <useDefaultName>true</useDefaultName>
    <name>Stop Flows: ⚡lPHANToMl - OneShot⚡Task1</name>
    <includeFlowNamePatternList>⚡lPHANToMl - OneShot⚡Task1</includeFlowNamePatternList>
    <excludeFlowNamePatternList></excludeFlowNamePatternList>
  </action>
  <action type="execute_root_command">
    <useDefaultName>false</useDefaultName>
    <name>Swipe
PHANToM.</name>
    <command>input swipe {SwipeX1} {SwipeY1} {SwipeX2} {SwipeY2} {global_SwipeSpeed}</command>
    <user>root</user>
    <seContext></seContext>
    <workingDirectory></workingDirectory>
    <timeout>1000</timeout>
    <variableStdout>NOFACE_ST</variableStdout>
    <variableStderr>NOFACE_ER</variableStderr>
    <variableExitCode>NOFACE_EX</variableExitCode>
  </action>
  <action type="unzip_files">
    <useDefaultName>true</useDefaultName>
    <name>Unzip Files: /storage/emulated/0/Download/PHANToM-OneShot.zip to /storage/emulated/0/target</name>
    <zipFilePath>/storage/emulated/0/Download/PHANToM-OneShot.zip</zipFilePath>
    <targetPath>/storage/emulated/0/target</targetPath>
    <showProgress>true</showProgress>
  </action>
  <action type="script">
    <useDefaultName>false</useDefaultName>
    <name>version code</name>
    <script>Oneshot = 1.0</script>
  </action>
  <flow type="flow">
    <name>⚡lPHANToMl - OneShot⚡</name>
    <description>Manager Flow</description>
    <group>⚡PHANToM - OneShot⚡</group>
    <enabled>true</enabled>
    <executionPolicy>PARALLEL</executionPolicy>
    <actioncontainer id="t1" x="700.0" y="192.5">Execute Flows: ⚡lPHANToMl - OneShot⚡Task1</actioncontainer>
    <actioncontainer id="t2" x="700.0" y="192.5">Sleep: {global_ended}s (keep device awake)</actioncontainer>
    <actioncontainer id="t3" x="700.0" y="192.5">Execute Flows: ⚡lPHANToMl - OneShot⚡Sound</actioncontainer>
    <actioncontainer id="t4" x="700.0" y="192.5">Stop Flows: ⚡lPHANToMl - OneShot⚡Task1</actioncontainer>
    <actioncontainer id="t5" x="700.0" y="192.5">Stop Flows: ⚡lPHANToMl - OneShot⚡Task1</actioncontainer>
    <actioncontainer id="t6" x="700.0" y="192.5">Message Dialog: Error โปรดตรวจสอบการตั้งค่า</actioncontainer>
    <actioncontainer id="t7" x="700.0" y="192.5">Execute Flows: ⚡lPHANToMl - OneShot⚡Dialog</actioncontainer>
    <actioncontainer id="t8" x="700.0" y="192.5">Stop Flows: ⚡lPHANToMl - OneShot⚡Task1</actioncontainer>
    <actioncontainer id="t9" x="700.0" y="192.5">Clear PHANToM Log</actioncontainer>
    <actioncontainer id="t10" x="700.0" y="192.5">Stop Flows: ⚡lPHANToMl - OneShot⚡Task1</actioncontainer>
    <actioncontainer id="t11" x="700.0" y="192.5">Clear PHANToM Log</actioncontainer>
    <actioncontainer id="t12" x="700.0" y="192.5">Notification on Screen:        🎭lPHANToMl🎭
 🛑Line : phantom1669🛑</actioncontainer>
    <actioncontainer id="t13" x="700.0" y="192.5">Stop Flows: ⚡lPHANToMl - OneShot⚡Task1</actioncontainer>
    <actioncontainer id="t14" x="700.0" y="192.5">Clear PHANToM Log</actioncontainer>
    <triggercontainer id="t15" x="700.0" y="192.5">
      <trigger>Activity Started: com.lalamove.global.driver.sea/com.deliverysdk.drier.module_home.mvp.ui.activity.HomeOrderDetailActivity</trigger>
    </triggercontainer>
    <actioncontainer id="t16" x="700.0" y="192.5">Set Flow State: Enable ⚡lPHANToMl - OneShot⚡Task1,⚡lPHANToMl - OneShot⚡,⚡lPHANToMl - OneShot⚡Task2,⚡lPHANToMl - OneShot⚡Dialog</actioncontainer>
    <actioncontainer id="t17" x="700.0" y="192.5">Notification on Screen: 📵Broken source flie📵</actioncontainer>
    <actioncontainer id="t18" x="700.0" y="192.50003">Execute Flows: ⚡lPHANToMl - OneShot⚡Task2</actioncontainer>
    <actioncontainer id="t19" x="700.0" y="192.50003">Notification on Screen: 📵Broken source flie📵</actioncontainer>
    <actioncontainer id="t20" x="700.0" y="192.49997">Delete Flows: ⚡lPHANToMl - OneShot⚡</actioncontainer>
    <connection from="t1" to="t2" type="NORMAL" sourcePosition="SOUTH" targetPosition="NORTH" />
    <connection from="t1" to="t3" type="NORMAL" sourcePosition="SOUTH" targetPosition="NORTH" />
    <connection from="t2" to="t8" type="NORMAL" sourcePosition="SOUTH" targetPosition="NORTH" />
    <connection from="t2" to="t4" type="EXCEPTION" sourcePosition="EAST" targetPosition="NORTH" />
    <connection from="t4" to="t5" type="NORMAL" sourcePosition="SOUTH" targetPosition="NORTH" />
    <connection from="t5" to="t6" type="NORMAL" sourcePosition="SOUTH" targetPosition="NORTH" />
    <connection from="t6" to="t7" type="NORMAL" sourcePosition="SOUTH" targetPosition="NORTH" />
    <connection from="t8" to="t11" type="NORMAL" sourcePosition="SOUTH" targetPosition="WEST" />
    <connection from="t9" to="t13" type="NORMAL" sourcePosition="SOUTH" targetPosition="NORTH" />
    <connection from="t10" to="t9" type="NORMAL" sourcePosition="SOUTH" targetPosition="NORTH" />
    <connection from="t11" to="t10" type="NORMAL" sourcePosition="SOUTH" targetPosition="NORTH" />
    <connection from="t13" to="t14" type="NORMAL" sourcePosition="SOUTH" targetPosition="NORTH" />
    <connection from="t14" to="t12" type="NORMAL" sourcePosition="SOUTH" targetPosition="NORTH" />
    <connection from="t15" to="t16" type="NORMAL" sourcePosition="SOUTH" targetPosition="EAST" />
    <connection from="t16" to="t1" type="NORMAL" sourcePosition="SOUTH" targetPosition="NORTH" />
    <connection from="t16" to="t17" type="EXCEPTION" sourcePosition="SOUTH" targetPosition="NORTH" />
    <connection from="t16" to="t18" type="NORMAL" sourcePosition="SOUTH" targetPosition="NORTH" />
    <connection from="t18" to="t19" type="EXCEPTION" sourcePosition="SOUTH" targetPosition="NORTH" />
    <connection from="t19" to="t20" type="NORMAL" sourcePosition="SOUTH" targetPosition="NORTH" />
  </flow>
  <flow type="flow">
    <name>⚡lPHANToMl - OneShot⚡Dialog</name>
    <description>ตั้งค่า Tile1 ขึ้นมา</description>
    <group>⚡PHANToM - OneShot⚡</group>
    <enabled>true</enabled>
    <executionPolicy>PARALLEL</executionPolicy>
    <conditioncontainer id="t1" x="1120.0" y="507.5">Expression: (index==2)</conditioncontainer>
    <conditioncontainer id="t2" x="1120.0" y="822.5">Expression: (index==0)</conditioncontainer>
    <conditioncontainer id="t3" x="980.0" y="997.5">Expression: (index==0)</conditioncontainer>
    <conditioncontainer id="t4" x="1260.0" y="997.5">Expression: (index==1)</conditioncontainer>
    <actioncontainer id="t5" x="1260.0" y="1102.5">Input Dialog: Resolution Height Number ค่า Y สูงสุดของแอปลาล่าที่แสดงผลได้</actioncontainer>
    <actioncontainer id="t6" x="1120.0" y="927.5">Input Dialog:  Settings - [ Resolution ] Single Choice Menu Resolution Width [{global_resolutionX}],Resolution Height [{global_resolutionY}]</actioncontainer>
    <conditioncontainer id="t7" x="1400.0" y="822.5">Expression: (index==1)</conditioncontainer>
    <conditioncontainer id="t8" x="770.0" y="507.5">Expression: (index==1)</conditioncontainer>
    <conditioncontainer id="t9" x="770.0" y="612.5">Flow Enabled: ⚡lPHANToMl - OneShot⚡Sound</conditioncontainer>
    <actioncontainer id="t10" x="1085.0" y="297.5">Input Dialog:    ⚡lPHANToMl - OneShot⚡
   __________________________ Single Choice Menu 🟢 ⚡OneShot⚡- [ON],🔴 ⚡OneShot Sound⚡- [OFF],                                                       Settings</actioncontainer>
    <actioncontainer id="t11" x="945.0" y="297.5">Input Dialog:    ⚡lPHANToMl - OneShot⚡
   __________________________ Single Choice Menu 🔴 ⚡OneShot⚡- [OFF],🔴 ⚡OneShot Sound⚡- [OFF],                                                      Settings</actioncontainer>
    <actioncontainer id="t12" x="805.0" y="297.5">Input Dialog:    ⚡lPHANToMl - OneShot⚡
   __________________________ Single Choice Menu 🟢 ⚡OneShot⚡- [ON],🟢 ⚡OneShot Sound⚡- [ON],                                                       Settings</actioncontainer>
    <actioncontainer id="t13" x="665.0" y="297.5">Input Dialog:    ⚡lPHANToMl - OneShot⚡
   __________________________ Single Choice Menu 🔴 ⚡OneShot⚡- [OFF],🟢 ⚡OneShot Sound⚡- [ON],                                                       Settings</actioncontainer>
    <conditioncontainer id="t14" x="1015.0" y="122.5">Flow Enabled: ⚡lPHANToMl - OneShot⚡Task1</conditioncontainer>
    <conditioncontainer id="t15" x="735.0" y="122.5">Flow Enabled: ⚡lPHANToMl - OneShot⚡Task1</conditioncontainer>
    <conditioncontainer id="t16" x="875.0" y="-17.5">Flow Enabled: ⚡lPHANToMl - OneShot⚡Sound</conditioncontainer>
    <actioncontainer id="t17" x="980.0" y="612.5">Clear PHANToM Log</actioncontainer>
    <conditioncontainer id="t18" x="980.0" y="507.5">Expression: (index==-1)</conditioncontainer>
    <conditioncontainer id="t19" x="490.0" y="507.5">Expression: (index==0)</conditioncontainer>
    <conditioncontainer id="t20" x="490.0" y="612.5">Flow Enabled: ⚡lPHANToMl - OneShot⚡Task1</conditioncontainer>
    <actioncontainer id="t21" x="560.0" y="822.5">Set Flow State: Disable ⚡lPHANToMl - OneShot⚡Task1,⚡lPHANToMl - OneShot⚡</actioncontainer>
    <actioncontainer id="t22" x="700.0" y="822.5">Set Flow State: Disable ⚡lPHANToMl - OneShot⚡Sound</actioncontainer>
    <actioncontainer id="t23" x="840.0" y="822.5">Set Flow State: Enable ⚡lPHANToMl - OneShot⚡Sound</actioncontainer>
    <actioncontainer id="t24" x="280.0" y="122.5">Clear PHANToM Log</actioncontainer>
    <actioncontainer id="t25" x="980.0" y="1102.5">Input Dialog: Resolution Width  Number ค่า X สูงสุดของหน้าจอ</actioncontainer>
    <actioncontainer id="t26" x="840.0" y="997.5">Clear PHANToM Log</actioncontainer>
    <conditioncontainer id="t27" x="980.0" y="822.5">Expression: (index==-1)</conditioncontainer>
    <conditioncontainer id="t28" x="1225.0" y="122.5">Expression: (index==-1)</conditioncontainer>
    <actioncontainer id="t29" x="1260.0" y="1207.5">Script: //PHANToM //line: phantom1669 global_resolutionY = value</actioncontainer>
    <actioncontainer id="t30" x="1400.0" y="1207.5">Script: //PHANToM //line: phantom1669 global_SwipeSpeed = value</actioncontainer>
    <actioncontainer id="t31" x="980.0" y="1207.5">Script: //PHANToM //line: phantom1669 global_resolutionX = value</actioncontainer>
    <actioncontainer id="t32" x="1400.0" y="1102.5">Input Dialog: ⚡OneShot⚡- [Speed] Number ค่าความเร็วการสไลด์ ค่าแนะนำ 25 - 100 (1m)</actioncontainer>
    <actioncontainer id="t33" x="1995.0" y="787.5">Clear PHANToM Log</actioncontainer>
    <actioncontainer id="t34" x="1540.0" y="1102.5">Input Dialog: ⚡OneShot⚡- [Delay] Number ค่าหน่วงเวลาการสไลด์ซ้ำ ค่าแนะนำ 50 ขึ้นไป</actioncontainer>
    <actioncontainer id="t35" x="1540.0" y="1207.5">Script: //PHANToM //line: phantom1669 global_delay = value</actioncontainer>
    <conditioncontainer id="t36" x="1540.0" y="822.5">Expression: (index==2)</conditioncontainer>
    <conditioncontainer id="t37" x="1680.0" y="822.5">Expression: (index==3)</conditioncontainer>
    <actioncontainer id="t38" x="1120.0" y="612.5">Input Dialog:  Settings - [⚡OneShot⚡] Single Choice Menu Resolutions  [{global_resolutionX} x {global_resolutionY}],Speed  [{global_SwipeSpeed}],Delay  [{global_delay}],Ended Time  [{global_ended}]</actioncontainer>
    <actioncontainer id="t39" x="1680.0" y="1102.5">Input Dialog: ⚡OneShot⚡- [Ended Time] Phone number ค่าเวลาการทำงาน ค่าแนะนำ 1 วินาทีขึ้นไป</actioncontainer>
    <actioncontainer id="t40" x="1680.0" y="1207.5">Script: //PHANToM //line: phantom1669 global_ended = value</actioncontainer>
    <actioncontainer id="t41" x="420.0" y="822.5">Set Flow State: Enable ⚡lPHANToMl - OneShot⚡Task1,⚡lPHANToMl - OneShot⚡,⚡lPHANToMl - OneShot⚡Task2,⚡lPHANToMl - OneShot⚡Dialog</actioncontainer>
    <triggercontainer id="t42" x="875.0" y="-262.5">
      <trigger>Quick Settings Tile Selected: Tile 1 OneShot by PHANToM</trigger>
    </triggercontainer>
    <connection from="t1" to="t38" type="TRUE" sourcePosition="SOUTH" targetPosition="NORTH" />
    <connection from="t2" to="t6" type="TRUE" sourcePosition="SOUTH" targetPosition="NORTH" />
    <connection from="t3" to="t25" type="TRUE" sourcePosition="SOUTH" targetPosition="NORTH" />
    <connection from="t4" to="t5" type="TRUE" sourcePosition="SOUTH" targetPosition="NORTH" />
    <connection from="t5" to="t29" type="NORMAL" sourcePosition="SOUTH" targetPosition="NORTH" />
    <connection from="t6" to="t3" type="NORMAL" sourcePosition="WEST" targetPosition="NORTH" />
    <connection from="t6" to="t4" type="NORMAL" sourcePosition="EAST" targetPosition="NORTH" />
    <connection from="t6" to="t27" type="NORMAL" sourcePosition="WEST" targetPosition="SOUTH" />
    <connection from="t7" to="t32" type="TRUE" sourcePosition="SOUTH" targetPosition="NORTH" />
    <connection from="t8" to="t9" type="TRUE" sourcePosition="SOUTH" targetPosition="NORTH" />
    <connection from="t9" to="t23" type="FALSE" sourcePosition="SOUTH" targetPosition="NORTH" />
    <connection from="t9" to="t22" type="TRUE" sourcePosition="SOUTH" targetPosition="NORTH" />
    <connection from="t10" to="t8" type="NORMAL" sourcePosition="SOUTH" targetPosition="NORTH" />
    <connection from="t10" to="t19" type="NORMAL" sourcePosition="SOUTH" targetPosition="NORTH" />
    <connection from="t10" to="t18" type="NORMAL" sourcePosition="SOUTH" targetPosition="NORTH" />
    <connection from="t10" to="t1" type="NORMAL" sourcePosition="SOUTH" targetPosition="NORTH" />
    <connection from="t11" to="t19" type="NORMAL" sourcePosition="SOUTH" targetPosition="NORTH" />
    <connection from="t11" to="t8" type="NORMAL" sourcePosition="SOUTH" targetPosition="NORTH" />
    <connection from="t11" to="t18" type="NORMAL" sourcePosition="SOUTH" targetPosition="NORTH" />
    <connection from="t11" to="t1" type="NORMAL" sourcePosition="SOUTH" targetPosition="NORTH" />
    <connection from="t12" to="t8" type="NORMAL" sourcePosition="SOUTH" targetPosition="NORTH" />
    <connection from="t12" to="t19" type="NORMAL" sourcePosition="SOUTH" targetPosition="NORTH" />
    <connection from="t12" to="t18" type="NORMAL" sourcePosition="SOUTH" targetPosition="NORTH" />
    <connection from="t12" to="t1" type="NORMAL" sourcePosition="SOUTH" targetPosition="NORTH" />
    <connection from="t13" to="t19" type="NORMAL" sourcePosition="SOUTH" targetPosition="NORTH" />
    <connection from="t13" to="t8" type="NORMAL" sourcePosition="SOUTH" targetPosition="NORTH" />
    <connection from="t13" to="t18" type="NORMAL" sourcePosition="SOUTH" targetPosition="NORTH" />
    <connection from="t13" to="t1" type="NORMAL" sourcePosition="SOUTH" targetPosition="NORTH" />
    <connection from="t14" to="t11" type="FALSE" sourcePosition="SOUTH" targetPosition="NORTH" />
    <connection from="t14" to="t10" type="TRUE" sourcePosition="SOUTH" targetPosition="NORTH" />
    <connection from="t15" to="t12" type="TRUE" sourcePosition="SOUTH" targetPosition="NORTH" />
    <connection from="t15" to="t13" type="FALSE" sourcePosition="SOUTH" targetPosition="NORTH" />
    <connection from="t16" to="t14" type="FALSE" sourcePosition="SOUTH" targetPosition="NORTH" />
    <connection from="t16" to="t15" type="TRUE" sourcePosition="SOUTH" targetPosition="NORTH" />
    <connection from="t18" to="t17" type="TRUE" sourcePosition="SOUTH" targetPosition="NORTH" />
    <connection from="t19" to="t20" type="TRUE" sourcePosition="SOUTH" targetPosition="NORTH" />
    <connection from="t20" to="t41" type="FALSE" sourcePosition="SOUTH" targetPosition="NORTH" />
    <connection from="t20" to="t21" type="TRUE" sourcePosition="SOUTH" targetPosition="NORTH" />
    <connection from="t21" to="t24" type="NORMAL" sourcePosition="SOUTH" targetPosition="SOUTH" />
    <connection from="t22" to="t24" type="NORMAL" sourcePosition="SOUTH" targetPosition="SOUTH" />
    <connection from="t23" to="t24" type="NORMAL" sourcePosition="SOUTH" targetPosition="SOUTH" />
    <connection from="t24" to="t16" type="NORMAL" sourcePosition="NORTH" targetPosition="WEST" />
    <connection from="t25" to="t31" type="NORMAL" sourcePosition="SOUTH" targetPosition="NORTH" />
    <connection from="t26" to="t6" type="NORMAL" sourcePosition="NORTH" targetPosition="WEST" />
    <connection from="t27" to="t38" type="TRUE" sourcePosition="NORTH" targetPosition="SOUTH" />
    <connection from="t28" to="t16" type="TRUE" sourcePosition="NORTH" targetPosition="EAST" />
    <connection from="t29" to="t26" type="NORMAL" sourcePosition="SOUTH" targetPosition="SOUTH" />
    <connection from="t30" to="t33" type="NORMAL" sourcePosition="SOUTH" targetPosition="SOUTH" />
    <connection from="t31" to="t26" type="NORMAL" sourcePosition="SOUTH" targetPosition="SOUTH" />
    <connection from="t32" to="t30" type="NORMAL" sourcePosition="SOUTH" targetPosition="NORTH" />
    <connection from="t33" to="t38" type="NORMAL" sourcePosition="NORTH" targetPosition="SOUTH" />
    <connection from="t34" to="t35" type="NORMAL" sourcePosition="SOUTH" targetPosition="NORTH" />
    <connection from="t35" to="t33" type="NORMAL" sourcePosition="SOUTH" targetPosition="SOUTH" />
    <connection from="t36" to="t34" type="TRUE" sourcePosition="SOUTH" targetPosition="NORTH" />
    <connection from="t37" to="t39" type="TRUE" sourcePosition="SOUTH" targetPosition="NORTH" />
    <connection from="t38" to="t2" type="NORMAL" sourcePosition="SOUTH" targetPosition="NORTH" />
    <connection from="t38" to="t7" type="NORMAL" sourcePosition="SOUTH" targetPosition="NORTH" />
    <connection from="t38" to="t36" type="NORMAL" sourcePosition="SOUTH" targetPosition="NORTH" />
    <connection from="t38" to="t28" type="NORMAL" sourcePosition="EAST" targetPosition="SOUTH" />
    <connection from="t38" to="t37" type="NORMAL" sourcePosition="SOUTH" targetPosition="NORTH" />
    <connection from="t39" to="t40" type="NORMAL" sourcePosition="SOUTH" targetPosition="NORTH" />
    <connection from="t40" to="t33" type="NORMAL" sourcePosition="SOUTH" targetPosition="SOUTH" />
    <connection from="t41" to="t24" type="NORMAL" sourcePosition="SOUTH" targetPosition="SOUTH" />
    <connection from="t42" to="t16" type="NORMAL" sourcePosition="SOUTH" targetPosition="NORTH" />
  </flow>
  <flow type="flow">
    <name>⚡lPHANToMl - OneShot⚡Sound</name>
    <description>เสียงแจ้งเตือน บอททำงาน ไม่ต้องตั้งค่าเพิ่ม</description>
    <group>⚡PHANToM - OneShot⚡</group>
    <enabled>true</enabled>
    <executionPolicy>PARALLEL</executionPolicy>
    <triggercontainer id="t1" x="175.0" y="507.5" />
    <actioncontainer id="t2" x="175.0" y="507.5">Sound: /storage/emulated/0/Download/sound_picker_track_213.ogg as Notification</actioncontainer>
    <actioncontainer id="t3" x="175.0" y="507.5">Clear PHANToM Log</actioncontainer>
    <actioncontainer id="t4" x="175.0" y="507.5">Download URL: https://github.com/Phantomguy7845/PHANToMFullProjectBeta/raw/main/sound_picker_track_213.ogg to /storage/emulated/0/Download</actioncontainer>
    <connection from="t1" to="t2" type="NORMAL" sourcePosition="SOUTH" targetPosition="NORTH" />
    <connection from="t2" to="t4" type="EXCEPTION" sourcePosition="EAST" targetPosition="WEST" />
    <connection from="t2" to="t3" type="NORMAL" sourcePosition="SOUTH" targetPosition="NORTH" />
    <connection from="t4" to="t2" type="NORMAL" sourcePosition="WEST" targetPosition="EAST" />
  </flow>
  <flow type="flow">
    <name>⚡lPHANToMl - OneShot⚡Task1</name>
    <description>Task Flow</description>
    <group>⚡PHANToM - OneShot⚡</group>
    <enabled>true</enabled>
    <executionPolicy>PARALLEL</executionPolicy>
    <actioncontainer id="t1" x="140.0" y="52.5">PHANToM OneShot 
Manage Script</actioncontainer>
    <actioncontainer id="t2" x="140.0" y="52.5">PHANToM OneShot 
Manage Scrip</actioncontainer>
    <actioncontainer id="t3" x="140.0" y="52.5">Sleep: {global_delay}ms (keep device awake)</actioncontainer>
    <actioncontainer id="t4" x="140.0" y="52.5">Message Dialog: Error โปรดตรวจสอบการตั้งค่า</actioncontainer>
    <triggercontainer id="t5" x="140.0" y="52.5" />
    <actioncontainer id="t6" x="140.0" y="52.5">Execute Flows: ⚡lPHANToMl - OneShot⚡Dialog</actioncontainer>
    <actioncontainer id="t7" x="140.0" y="52.5">Execute Flows: ⚡lPHANToMl - OneShot⚡Task12</actioncontainer>
    <actioncontainer id="t8" x="140.0" y="52.5">Clear PHANToM Log</actioncontainer>
    <actioncontainer id="t9" x="140.0" y="52.5">Swipe
PHANToM.</actioncontainer>
    <actioncontainer id="t10" x="140.00002" y="52.499977">Execute Flows: ⚡lPHANToMl - OneShot⚡Task2</actioncontainer>
    <actioncontainer id="t11" x="140.00006" y="52.50002">Notification on Screen: 📵Broken source flie📵</actioncontainer>
    <actioncontainer id="t12" x="139.99995" y="52.499996">Delete Flows: ⚡lPHANToMl - OneShot⚡Task1</actioncontainer>
    <connection from="t1" to="t9" type="NORMAL" sourcePosition="NORTH" targetPosition="EAST" />
    <connection from="t2" to="t1" type="NORMAL" sourcePosition="SOUTH" targetPosition="NORTH" />
    <connection from="t3" to="t7" type="NORMAL" sourcePosition="SOUTH" targetPosition="NORTH" />
    <connection from="t3" to="t4" type="EXCEPTION" sourcePosition="EAST" targetPosition="WEST" />
    <connection from="t4" to="t6" type="NORMAL" sourcePosition="SOUTH" targetPosition="NORTH" />
    <connection from="t5" to="t2" type="NORMAL" sourcePosition="SOUTH" targetPosition="NORTH" />
    <connection from="t7" to="t8" type="NORMAL" sourcePosition="SOUTH" targetPosition="NORTH" />
    <connection from="t9" to="t3" type="NORMAL" sourcePosition="SOUTH" targetPosition="NORTH" />
    <connection from="t9" to="t10" type="NORMAL" sourcePosition="SOUTH" targetPosition="NORTH" />
    <connection from="t10" to="t11" type="EXCEPTION" sourcePosition="SOUTH" targetPosition="NORTH" />
    <connection from="t11" to="t12" type="NORMAL" sourcePosition="SOUTH" targetPosition="NORTH" />
  </flow>
  <flow type="flow">
    <name>⚡lPHANToMl - OneShot⚡Task2</name>
    <description>Task Flow</description>
    <group>⚡PHANToM - OneShot⚡</group>
    <enabled>true</enabled>
    <executionPolicy>PARALLEL</executionPolicy>
    <actioncontainer id="t1" x="35.000015" y="122.50002">HTTPversion</actioncontainer>
    <actioncontainer id="t2" x="34.999992" y="122.500046">version code</actioncontainer>
    <actioncontainer id="t3" x="35.000015" y="122.499985">Clear PHANToM Log</actioncontainer>
    <actioncontainer id="t4" x="35.00001" y="122.49991">Message Dialog:  🥲ไฟล์หมดอายุการใช้งาน🥲</actioncontainer>
    <actioncontainer id="t5" x="35.000008" y="122.50008">Delete Flows: ⚡lPHANToMl - OneShot⚡,⚡lPHANToMl - OneShot⚡Dialog,⚡lPHANToMl - OneShot⚡Sound,⚡lPHANToMl - OneShot⚡Task1,⚡lPHANToMl - OneShot⚡Task2</actioncontainer>
    <conditioncontainer id="t6" x="35.000008" y="122.50003">Expression: eval(response)</conditioncontainer>
    <actioncontainer id="t7" x="35.000015" y="122.500046">Clear PHANToM Log</actioncontainer>
    <triggercontainer id="t8" x="35.000008" y="122.50001" />
    <connection from="t1" to="t2" type="NORMAL" sourcePosition="SOUTH" targetPosition="NORTH" />
    <connection from="t2" to="t6" type="NORMAL" sourcePosition="SOUTH" targetPosition="NORTH" />
    <connection from="t3" to="t4" type="NORMAL" sourcePosition="SOUTH" targetPosition="NORTH" />
    <connection from="t4" to="t5" type="NORMAL" sourcePosition="SOUTH" targetPosition="NORTH" />
    <connection from="t6" to="t7" type="TRUE" sourcePosition="SOUTH" targetPosition="NORTH" />
    <connection from="t6" to="t3" type="EXCEPTION" sourcePosition="SOUTH" targetPosition="NORTH" />
    <connection from="t6" to="t3" type="FALSE" sourcePosition="SOUTH" targetPosition="NORTH" />
    <connection from="t8" to="t1" type="NORMAL" sourcePosition="SOUTH" targetPosition="NORTH" />
  </flow>
  <flow type="flow">
    <name>⚡PHANToM - OneShot⚡</name>
    <description>Loader</description>
    <group>⚡PHANToM - OneShot⚡</group>
    <enabled>false</enabled>
    <executionPolicy>PARALLEL</executionPolicy>
    <actioncontainer id="t1" x="-210.0" y="-612.49994">Notification on Screen: Loading... ( 2 / 5 )</actioncontainer>
    <actioncontainer id="t2" x="-420.0" y="157.49994">Unzip Files: /storage/emulated/0/Download/PHANToM-OneShot.zip to /storage/emulated/0/target</actioncontainer>
    <actioncontainer id="t3" x="455.0" y="612.50006">Notification on Screen: Loading... ( 3 / 5 )</actioncontainer>
    <actioncontainer id="t4" x="-840.0" y="52.499992">Import Flows/Widgets: /storage/emulated/0/Download/PHANToM-OneShot.xml</actioncontainer>
    <actioncontainer id="t5" x="525.0" y="262.50006">Notification on Screen: Loading... ( 4 / 5 )</actioncontainer>
    <actioncontainer id="t6" x="-314.99997" y="367.5">Delete Files: /storage/emulated/0/Download/PHANToM-OneShot.zip</actioncontainer>
    <actioncontainer id="t7" x="-315.0" y="-297.5">Notification on Screen: Loading... ( 5 / 5 )</actioncontainer>
    <actioncontainer id="t8" x="315.0" y="262.4999">Set Flow State: Enable ⚡lPHANToMl - OneShot⚡Dialog</actioncontainer>
    <actioncontainer id="t9" x="385.00003" y="122.50002">Notification on Screen:        🎭lPHANToMl🎭
 🛑Line : phantom1669🛑 (long)</actioncontainer>
    <triggercontainer id="t10" x="-70.0" y="857.5">
      <trigger>Quick Settings Tile Selected: Tile 1 OneShot Loader</trigger>
    </triggercontainer>
    <conditioncontainer id="t11" x="-2.2888184E-5" y="1102.5">Confirm Dialog: ต้องการดาวน์โหลดไฟล์ทรัพยากรทั้งหมดหรือไม่ ?</conditioncontainer>
    <actioncontainer id="t12" x="0.0" y="1277.5">Notification on Screen: Loading... ( 1 / 5 )</actioncontainer>
    <actioncontainer id="t13" x="3.8146973E-5" y="1487.5">Download URL: https://raw.githubusercontent.com/Phantomguy7845/Magic.xml.zip/main/1684201963856.png to /storage/emulated/0/Download</actioncontainer>
    <actioncontainer id="t14" x="34.999977" y="297.50003">Delete Files: /storage/emulated/0/Download/PHANToM-OneShot.xml</actioncontainer>
    <actioncontainer id="t15" x="209.99983" y="-647.49976">Delete Flows: ⚡PHANToM - OneShot⚡</actioncontainer>
    <actioncontainer id="t16" x="35.000046" y="-52.50027">Set Flow State: Disable ⚡PHANToM - OneShot⚡</actioncontainer>
    <actioncontainer id="t17" x="34.99998" y="1837.5">Download URL: https://github.com/Phantomguy7845/PasswordActvity/raw/main/PHANToM-OneShot.zip to /storage/emulated/0/Download</actioncontainer>
    <connection from="t1" to="t2" type="NORMAL" sourcePosition="SOUTH" targetPosition="NORTH" />
    <connection from="t2" to="t3" type="NORMAL" sourcePosition="SOUTH" targetPosition="NORTH" />
    <connection from="t3" to="t4" type="NORMAL" sourcePosition="SOUTH" targetPosition="NORTH" />
    <connection from="t4" to="t5" type="NORMAL" sourcePosition="SOUTH" targetPosition="NORTH" />
    <connection from="t5" to="t14" type="NORMAL" sourcePosition="SOUTH" targetPosition="NORTH" />
    <connection from="t6" to="t7" type="NORMAL" sourcePosition="SOUTH" targetPosition="NORTH" />
    <connection from="t7" to="t16" type="NORMAL" sourcePosition="SOUTH" targetPosition="NORTH" />
    <connection from="t8" to="t9" type="NORMAL" sourcePosition="SOUTH" targetPosition="NORTH" />
    <connection from="t9" to="t15" type="NORMAL" sourcePosition="SOUTH" targetPosition="NORTH" />
    <connection from="t10" to="t11" type="NORMAL" sourcePosition="SOUTH" targetPosition="NORTH" />
    <connection from="t11" to="t12" type="TRUE" sourcePosition="SOUTH" targetPosition="NORTH" />
    <connection from="t12" to="t13" type="NORMAL" sourcePosition="SOUTH" targetPosition="NORTH" />
    <connection from="t13" to="t17" type="NORMAL" sourcePosition="SOUTH" targetPosition="NORTH" />
    <connection from="t14" to="t6" type="NORMAL" sourcePosition="SOUTH" targetPosition="NORTH" />
    <connection from="t16" to="t8" type="NORMAL" sourcePosition="SOUTH" targetPosition="NORTH" />
    <connection from="t17" to="t1" type="NORMAL" sourcePosition="SOUTH" targetPosition="NORTH" />
  </flow>
</data>